undertaking,service_2016,owner_2016,category,revenue_2015,service_2020,owner_2020,revenue_2019,revenue_2020,status
535435813,Aajtak Canada (formerly Hindi News),"Levin, Slava",B,171784,,,,,absent
535434435,ABC Spark (formerly Harmony),Corus Entertainment Inc.,B,11757913,ABC Spark (formerly Harmony),Corus Entertainment Inc.,15541244,15914443,operating
535437471,Aboriginal Peoples Television Network (APTN),Aboriginal Peoples Television Network Incorporated,A,45353954,Aboriginal Peoples Television Network (APTN),Aboriginal Peoples Television Network Incorporated,49342940,48183251,operating
305424997,ACTION (formerly Showcase Action),Corus Entertainment Inc.,B,20535374,Adult Swim (formerly ACTION),Corus Entertainment Inc.,19414051,21688893,operating
205424104,addikTV (formerly Mystère),Les Placements Péladeau inc.,A,12131947,addikTV (formerly Mystère),Les Placements Péladeau inc.,15521980,16682558,operating
305425763,All TV,"Lee, Jang Sung",B,1448780,,,,,absent
535437356,AMI-télé,Accessible Media Inc.,A,6601168,AMI-télé,Accessible Media Inc.,9275812,9112245,operating
535425674,AMI-tv (formerly The Accessible Channel),Accessible Media Inc.,A,18359974,AMI-tv (formerly The Accessible Channel),Accessible Media Inc.,18034236,17572245,operating
305426266,Animal Planet,BCE Inc.,B,9880190,Animal Planet,BCE Inc.,12333974,13501808,operating
205424097,ARGENT (formerly LCN Argent),Les Placements Péladeau inc.,A,2169572,ARGENT (formerly LCN Argent),Les Placements Péladeau inc.,0,0,closed
535428545,ATN CBN (Cricket Channel One),"Chandrasekar, Shan",B,431838,,,,,absent
535428610,ATN Cricket Plus (Asian Sports Network),"Chandrasekar, Shan",B,299242,,,,,absent
535428553,ATN DD SPORTS (Cricket Channel Two),"Chandrasekar, Shan",B,34832,,,,,absent
535435053,ATN FOOD FOOD (South Asian Cooking Channel 1),"Chandrasekar, Shan",B,122048,,,,,absent
535433958,ATN Hindi Movie Channel 3,"Chandrasekar, Shan",B,264701,,,,,absent
535428529,ATN Hindi Movie Channel,"Chandrasekar, Shan",B,1435673,,,,,absent
535428595,ATN - Music Network One (Hindi Music) - AMN1,"Chandrasekar, Shan",B,237932,,,,,absent
535433114,ATN NDTV 24x7 (formerly South Asian English News Channel 2,"Chandrasekar, Shan",B,754932,,,,,absent
535432348,ATN SAB (Comedy Channel One),"Chandrasekar, Shan",B,415484,,,,,absent
535435467,ATN South Asian Television Canada Channel 2 (SATV 2),"Chandrasekar, Shan",B,7513875,,,,,absent
305417421,ATN South Asian Television (SATV),"Chandrasekar, Shan",A,9040409,ATN South Asian Television (SATV),"Chandrasekar, Shan",2204116,2630196,operating
535428579,ATN - Times Now (formerly South Asian News - English),"Chandrasekar, Shan",B,153045,,,,,absent
535428602,ATN - Zoom (formerly Music Network Two),"Chandrasekar, Shan",B,155577,,,,,absent
535428149,AUX TV,Blue Ant Media Inc.,B,1011714,A.Side (formerly AUX TV),Blue Ant Media Inc.,971907,877085,operating
205429568,Avis de Recherche,"Géracitano, Vincent",B,1951305,,,,,absent
305424319,BBC Canada,Corus Entertainment Inc.,B,10640953,BBC Canada,Corus Entertainment Inc.,7816627,5207952,operating
535422323,BBC Earth (formerly radX),Blue Ant Media Inc.,B,4458630,BBC Earth (formerly radX),Blue Ant Media Inc.,4950409,5818540,operating
305426852,BBC Kids,Knowledge Network Corporation,B,3091305,BBC Kids,Knowledge Network Corporation,1039401,0,operating
535434906,BC News 1 (formerly Global News Plus BC),Corus Entertainment Inc.,B,1518176,BC News 1 (formerly Global News Plus BC),Corus Entertainment Inc.,1986100,1847283,operating
405423922,Book Television (formerly Book Television - The Channel),BCE Inc.,A,3947940,Book Television (formerly Book Television - The Channel),BCE Inc.,1561386,261728,operating
305424848,BPM:TV (The Dance Channel),"Smith, Vincent & Co. Ltd.",B,133032,,,,,absent
315413740,Bravo!,BCE Inc.,A,51362650,CTV Drama (formerly Bravo!),BCE Inc.,55796513,55718735,operating
305417273,Business News Network (BNN) (previously ROBTV),BCE Inc.,A,29685232,BNN Bloomberg,BCE Inc.,28283689,29573003,operating
305417348,CablePulse 24 (CP24),BCE Inc.,A,30542905,CablePulse 24 (CP24),BCE Inc.,53641335,53081921,operating
215413790,Canal D,BCE Inc.,A,41666059,Canal D,BCE Inc.,30018773,27835239,operating
535433411,Canal D/Investigation,BCE Inc.,B,4420078,Investigation (formerly Canal D Investigation),BCE Inc.,7375691,7344841,operating
205417381,Canal Vie,BCE Inc.,A,45664166,Canal Vie,BCE Inc.,32721153,29463514,operating
535433982,Cartoon Network (formerly TELETOON Kapow!),Corus Entertainment Inc.,B,3437973,Cartoon Network (formerly TELETOON Kapow!),Corus Entertainment Inc.,0,0,closed
535421135,Cartoon Network (formerly TELETOON Retro (English)),Corus Entertainment Inc.,B,6662286,Cartoon Network (formerly TELETOON Retro (English)),Corus Entertainment Inc.,3916253,2441240,operating
535421276,Casa - (formerly Les idées de ma maison),Les Placements Péladeau inc.,B,9729210,Casa - (formerly Les idées de ma maison),Les Placements Péladeau inc.,11704131,12612379,operating
435413778,CMT (formerly Country Music Television),Corus Entertainment Inc.,A,19895757,CMT (formerly Country Music Television),Corus Entertainment Inc.,15178760,17362597,operating
405426314,Comedy Gold (formerly TV Land),BCE Inc.,B,4476872,Comedy Gold (formerly TV Land),WOW Unlimited Media Inc.,2084110,0,operating
305427636,Cooking Channel (formerly W Movies),Corus Entertainment Inc.,B,7012101,Cooking Channel (formerly W Movies),Corus Entertainment Inc.,5467472,5679031,operating
535425723,Cosmopolitan TV (formerly Cosmopolitan Television),Corus Entertainment Inc.,B,8606368,Cosmopolitan TV (formerly Cosmopolitan Television),Corus Entertainment Inc.,5301317,426999,operating
405423948,Cottage Life (formerly Bold),Blue Ant Media Inc.,A,4844979,Cottage Life (formerly Bold),Blue Ant Media Inc.,4946823,5082146,operating
305423907,Crime + Investigation (formerly Mystery),Corus Entertainment Inc.,A,19159154,Crime + Investigation (formerly Mystery),Corus Entertainment Inc.,18069651,17136913,operating
535421515,Daystar Canada (formerly Grace TV),World Media Ministries,B,5420636,Daystar Canada (formerly Grace TV),World Media Ministries,9608154,6475392,operating
305426050,DejaView,Corus Entertainment Inc.,B,7991727,DejaView,Corus Entertainment Inc.,7256429,6751599,operating
315413765,Discovery Channel,BCE Inc.,A,97372938,Discovery Channel,BCE Inc.,77347639,72660275,operating
305426191,Discovery Science (formerly Discovery Civilization Channel),BCE Inc.,B,5857324,Discovery Science (formerly Discovery Civilization Channel),BCE Inc.,8717746,8639895,operating
535421250,Discovery Velocity (formerly Discovery World HD),BCE Inc.,B,24108599,Discovery Velocity (formerly Discovery World HD),BCE Inc.,16355749,15967172,operating
535421151,D.I.Y. Network (formerly D.I.Y. Television),Corus Entertainment Inc.,B,11495834,D.I.Y. Network (formerly D.I.Y. Television),Corus Entertainment Inc.,10992524,11037339,operating
305423965,Documentary (formerly The Canadian Documentary Channel),Canadian Broadcasting Corporation,A,6644628,Documentary (formerly The Canadian Documentary Channel),Canadian Broadcasting Corporation,6679031,6044586,operating
305417299,DTOUR (formerly TVtropolis),Corus Entertainment Inc.,A,25739539,DTOUR (formerly TVtropolis),Corus Entertainment Inc.,18415670,18014358,operating
305417330,E! (formerly Star! TV),BCE Inc.,A,29596215,E! (formerly Star! TV),BCE Inc.,27764344,26116245,operating
305424608,ESPN Classic,BCE Inc.,B,2130825,ESPN Classic,BCE Inc.,588374,-57092,operating
535422000,EuroWorld SPORT (formerly RCS Television),Corus Entertainment Inc.,B,20649,EuroWorld SPORT (formerly RCS Television),TLN Media Group Inc.,138018,135000,operating
205421548,Évasion (formerly Canal Évasion),Groupe Serdy inc.,A,11255869,Évasion (formerly Canal Évasion),Les Placements Péladeau inc.,11169678,10329782,operating
535435714,Fairchild Television II,Fairchild Property Group Ltd.,B,1397646,,,,,absent
314600560,Fairchild TV,Fairchild Property Group Ltd.,A,22303979,,,,,absent
535428214,Family CHRGD (formerly Disney XD),DHX Media Ltd.,B,6868342,Family CHRGD,WildBrain Ltd.,5628044,4699387,operating
305423931,FashionTelevisionChannel (formerly Fashion Television ...),BCE Inc.,A,4422844,FashionTelevisionChannel (formerly Fashion Television ...),BCE Inc.,853081,-39434,operating
305424179,Festival Portuguese Television,"Alvarez, Francisco S.",B,1347995,Festival Portuguese Television,Serafini Holdings Corporation,1090258,0,operating
535418348,Fight Network,Sygnus Corp.,B,4555550,Fight Network,Sygnus Corp.,5154649,4420578,operating
535435540,FNTSY Sports Network (formerly The League–Fantasy Sports TV),Sygnus Corp.,B,103478,Game+ (formerly FNTSY Sports Network),Sygnus Corp.,453273,466298,operating
305423329,Food Network Canada,Corus Entertainment Inc.,A,67130676,Food Network Canada,Corus Entertainment Inc.,56253733,54228759,operating
535432174,FX (formerly FX Canada),Rogers Communications Inc.,B,14363003,FX (formerly FX Canada),Rogers Communications Inc.,23423953,21263373,operating
535432190,FXX (Canada) (formerly Ampersand),Rogers Communications Inc.,B,4524696,FXX (Canada) (formerly Ampersand),Rogers Communications Inc.,12518484,11380208,operating
305424020,Fyi (formerly Twist TV),Corus Entertainment Inc.,A,8176265,Fyi (formerly Twist TV),Corus Entertainment Inc.,6605044,1833602,operating
305423957,G4 (Canada) (fromerly G4techTV),Rogers Communications Inc.,A,4527065,G4 (Canada) (formerly G4techTV),Rogers Communications Inc.,0,0,closed
305428072,GameTV (formerly CGTV Canada),Kilmer Van Nostrand Co. Limited,B,1960228,GameTV (formerly CGTV Canada),Sygnus Corp.,4798011,6844402,operating
535420913,Gol TV (The Soccer net),8047286 Canada Inc.,B,2711726,,,,,absent
535430706,GUSTO (formerly MmmTV),"Knight, Christopher",B,2247401,GUSTO (formerly MmmTV),"Knight, Christopher",0,0,closed
205424055,"H2 (formerly The Cave, Men TV)",Corus Entertainment Inc.,A,9358148,"H2 (formerly The Cave, Men TV)",Corus Entertainment Inc.,9127461,7622126,operating
305417322,HGTV Canada - Home and Garden Television Canada,Corus Entertainment Inc.,A,72121413,HGTV Canada - Home and Garden Television Canada,Corus Entertainment Inc.,73956033,66966532,operating
535420898,HIFI (formerly Treasure HD),Blue Ant Media Inc.,B,4364881,BBC First,Blue Ant Media Inc.,3808264,3550532,operating
205421556,Historia,Corus Entertainment Inc.,A,20350920,Historia,Corus Entertainment Inc.,20598378,18297578,operating
305417249,History Television,Corus Entertainment Inc.,A,75912398,History Television,Corus Entertainment Inc.,67547255,59502532,operating
535429824,Hollywood Suite 2000s Movies (formerly Sony Movie Channel),Hollywood Suite Inc.,B,1432198,Hollywood Suite 2000s Movies (formerly Sony Movie Channel),Hollywood Suite Inc.,2962709,3832927,operating
535429791,Hollywood Suite 70s Movies (formerly Warner Films),"Switzer, Jacob (Jay)",B,1433681,Hollywood Suite 70s Movies (formerly Warner Films),"Bacal, Norman",2965758,3843285,operating
535429816,Hollywood Suite 80s Movies (formerly MGM Channel),"Switzer, Jacob (Jay)",B,1433681,Hollywood Suite 80s Movies (formerly MGM Channel),"Bacal, Norman",2965758,3843285,operating
535429808,Hollywood Suite 90s Movies (formerly AXN Movies),Hollywood Suite Inc.,B,1432198,Hollywood Suite 90s Movies (formerly AXN Movies),Hollywood Suite Inc.,2962709,3832927,operating
305424616,HPItv (formerly The Racing Network Canada),Woodbine Entertainment Group,B,522331,,,,,absent
305424046,ichannel,"Smith, Vincent & Co. Ltd.",A,3900348,ichannel,"Smith, Vincent & Co. Ltd.",0,0,closed
205423734,ICI ARTV,Canadian Broadcasting Corporation,A,13601498,ICI ARTV,Canadian Broadcasting Corporation,12394665,12121600,operating
535432215,ICI EXPLORA (formerly SENS),Canadian Broadcasting Corporation,B,5019591,ICI EXPLORA (formerly SENS),Canadian Broadcasting Corporation,6497541,6550049,operating
535419289,IDNR-TV Natural Resources Television,6199054 Canada Inc.,B,54350,IDNR-TV Natural Resources Television,6199054 Canada Inc.,0,0,closed
405425613,Investigation Discovery (formerly Court TV Canada),BCE Inc.,B,11065902,Investigation Discovery (formerly Court TV Canada),BCE Inc.,13281062,14006541,operating
535421127,La chaîne Disney (formerly TÉLÉTOON Rétro (Français)),Corus Entertainment Inc.,B,1621476,La chaîne Disney (formerly TÉLÉTOON Rétro (Français)),Corus Entertainment Inc.,2906625,2821133,operating
305425531,Leafs TV,8047286 Canada Inc.,B,5637213,Leafs TV,8047286 Canada Inc.,4920732,4953650,operating
305425002,Lifetime (formerly Showcase Diva),Corus Entertainment Inc.,B,20874300,Lifetime (formerly Showcase Diva),Corus Entertainment Inc.,15402283,14845471,operating
535420880,Love Nature (formerly Oasis HD),Blue Ant Media Inc.,B,7269260,Love Nature (formerly Oasis HD),Blue Ant Media Inc.,7440124,6335927,operating
305417364,M3,BCE Inc.,A,19227563,CTV Life (formerly Gusto),BCE Inc.,13306616,15461536,operating
305428600,Makeful TV (formerly BITE Television ),Blue Ant Media Inc.,B,2328969,Makeful TV (formerly BITE Television ),Blue Ant Media Inc.,3615244,3717553,operating
205417399,MAX (formerly MUSIMAX),Remstar Diffusion inc.,A,10193082,MAX (formerly MUSIMAX),Remstar Diffusion inc.,12729907,11685291,operating
535423024,Mediaset Italia (formerly Italian Entertainment TV),Corus Entertainment Inc.,B,1777662,Mediaset Italia (formerly Italian Entertainment TV),TLN Media Group Inc.,2491795,2346597,operating
535430516,Moi&cie (formerly Mlle),Les Placements Péladeau inc.,B,5840443,Moi&cie (formerly Mlle),Les Placements Péladeau inc.,8977604,9997123,operating
305426000,MovieTime (formerly known as Lonestar),Corus Entertainment Inc.,B,16003712,MovieTime (formerly known as Lonestar),Corus Entertainment Inc.,11858865,13339764,operating
405424037,MTV2 (formerly Razer),BCE Inc.,A,5531401,MTV2 (formerly Razer),BCE Inc.,2865713,1444341,operating
305417372,MTV (Canada) (formerly known as Talk TV),BCE Inc.,A,18703594,MTV (Canada) (formerly known as Talk TV),BCE Inc.,17133708,15833567,operating
314600545,Much (formerly MuchMusic),BCE Inc.,A,34907246,Much (formerly MuchMusic),BCE Inc.,31308393,27704608,operating
214301129,MusiquePlus,Remstar Diffusion inc.,A,14229544,ELLE Fictions (MusiquePlus),Remstar Diffusion inc.,13980339,8912805,operating
535434584,NatGeo Wild,Corus Entertainment Inc.,B,5824459,NatGeo Wild,Corus Entertainment Inc.,10296336,8387145,operating
305424294,National Geographic Channel,Corus Entertainment Inc.,B,26942303,National Geographic Channel,Corus Entertainment Inc.,24399426,22887780,operating
305425440,NBA TV (Canada) - (formerly Raptors NBA TV),8047286 Canada Inc.,B,7913388,NBA TV (Canada) - (formerly Raptors NBA TV),8047286 Canada Inc.,11334638,10814009,operating
535427068,Nickelodeon (formerly YTV OneWorld),Corus Entertainment Inc.,B,5817794,Nickelodeon (formerly YTV OneWorld),Corus Entertainment Inc.,4271785,3742511,operating
535433015,NTD Television,New Tang Dynasty Television (Canada),B,1881031,NTD Television,New Tang Dynasty Television (Canada),3402729,4601105,operating
305417413,Odyssey (formerly OTN),"Maniatakos, Peter",A,2458524,Odyssey (formerly OTN),"Maniatakos , Peter (Estate)",1993935,1872144,operating
535433437,OTN 3,"Maniatakos, Peter",B,932290,,,,,absent
305417314,Outdoor Life Network (OLN),Rogers Communications Inc.,A,20059081,Outdoor Life Network (OLN),Rogers Communications Inc.,15304575,12307743,operating
305423973,OUTtv (formerly PrideVision),"Shavick, James",A,5160581,OUTtv (formerly PrideVision),OM Holdings Inc.,4546413,4127057,operating
305417257,OWN: The Oprah Winfrey Network (formerly OWN; formerly VIVA),Corus Entertainment Inc.,A,28600672,OWN: The Oprah Winfrey Network (formerly OWN; formerly VIVA),Corus Entertainment Inc.,15297179,11111609,operating
535425161,Penthouse TV,"Duncan, Stuart",B,564317,,,,,absent
535420062,Playmen (formerly HARDtv),Fifth Dimension Properties Inc.,B,94329,,,,,absent
535421284,Prise 2 (formerly Nostalgie),Les Placements Péladeau inc.,B,9052931,Prise 2 (formerly Nostalgie),Les Placements Péladeau inc.,12244648,13252106,operating
535437455,Public Affairs programming/coverage of the HOC proceedings,Cable Public Affairs Channel Inc.,A,16252890,Cable Public Affairs Channel (CPAC),Cable Public Affairs Channel Inc.,16434518,15940728,operating
205424063,RDS Info (formerly Réseau Info Sports (RIS),BCE Inc.,A,6855683,RDS Info (formerly Réseau Info Sports (RIS),BCE Inc.,6032278,5170552,operating
305424731,Red Hot TV (Red Light District TV),"Duncan, Stuart",B,2091223,,,,,absent
305425599,Rewind (formerly Movieola),2308740 Ontario Inc.,B,2282141,Rewind (formerly Movieola),2308740 Ontario Inc.,2153485,2093216,operating
305428436,Salt & Light (Inner Peace Television Network),Salt and Light Catholic Media Foundation,B,2978117,Salt & Light (Inner Peace Television Network),Salt and Light Catholic Media Foundation,3402229,3068500,operating
205421564,Séries+,Corus Entertainment Inc.,A,29838104,Séries Plus,Corus Entertainment Inc.,26120171,24345327,operating
315413732,Showcase,Corus Entertainment Inc.,A,72927202,Showcase,Corus Entertainment Inc.,73105766,66711837,operating
535417803,Silver Screen Classics,2308740 Ontario Inc.,B,4416867,Silver Screen Classics,2308740 Ontario Inc.,3694864,3471338,operating
315413724,Slice,Corus Entertainment Inc.,A,38885052,Slice,Corus Entertainment Inc.,28649117,27763669,operating
535422357,Smithsonian Channel (formerly eqhd),Blue Ant Media Inc.,B,4304032,Smithsonian Channel (formerly eqhd),Blue Ant Media Inc.,4753042,5468958,operating
305417306,Space (formerly Space: The Imagination Station),BCE Inc.,A,54940271,CTV Sci-Fi (formerly Space),BCE Inc.,53330770,50350610,operating
305417356,Sportsnet 360 (formerly The Score),Rogers Communications Inc.,A,35101198,Sportsnet 360 (formerly The Score),Rogers Communications Inc.,35742766,32838161,operating
535426052,Sportsnet World (formerly Setanta Sports (Canada)),Rogers Communications Inc.,B,11167418,,,,,absent
305425325,SSTV,"Pannu, Ravinder Singh",B,633020,,,,,absent
305427644,Sundance Channel (formerly Drive-In Classics Channel),Corus Entertainment Inc.,B,4708649,Sundance Channel (formerly Drive-In Classics Channel),Corus Entertainment Inc.,0,0,closed
515408441,Talentvision,Fairchild Property Group Ltd.,A,6383049,,,,,absent
535435722,Talentvision II,Fairchild Property Group Ltd.,B,313573,Talentvision II,Fairchild Property Group Ltd.,0,0,closed
535433825,Telebimbi (formerly All Italian Children's Television),Corus Entertainment Inc.,B,877,,,,,absent
314600552,Telelatino,Corus Entertainment Inc.,A,14799198,Telelatino,TLN Media Group Inc.,12492522,11371998,operating
535421862,Télémagino (formerly Disney Junior),DHX Media Ltd.,B,3740017,Télémagino,WildBrain Ltd.,2795336,2235999,operating
535433817,"""Teleniños"" (formerly All Spanish Children's Television)",Corus Entertainment Inc.,B,31798,,,,,absent
305417231,TELETOON/TÉLÉTOON,Corus Entertainment Inc.,A,69453197,TELETOON/TÉLÉTOON,Corus Entertainment Inc.,44156370,33218618,operating
535438148,Ten Cricket (formerly ECGL Cricket TV),"Levin, Slava",B,58301,Ten Cricket (formerly ECGL Cricket TV),"Levin, Slava",0,0,closed
305425416,TGCOM24 (formerly Sky TG 24 Canada),Corus Entertainment Inc.,B,233228,,,,,absent
305423915,"The Brand New ONE Body, Mind, Spirit, Love Channel",Olympus Management Limited,A,4659525,ONE: GET FIT,Olympus Management Limited,2700370,2466657,operating
305417215,The Comedy Network,BCE Inc.,A,56594130,CTV Comedy (formerly The Comedy Network),BCE Inc.,60343319,62130763,operating
105424006,The Independent Film Channel Canada,Corus Entertainment Inc.,A,9448583,The Independent Film Channel Canada,Corus Entertainment Inc.,3834384,152049,operating
305425789,The NHL Network,3918921 Canada Inc.,B,10735840,,,,,absent
305424822,The Pet Network,"Smith, Vincent & Co. Ltd.",B,267907,The Pet Network,"Smith, Vincent & Co. Ltd.",0,0,closed
535426911,The Rural Channel,Hundredfold Holdings Inc.,B,235950,The Rural Channel,Hundredfold Holdings Inc.,280640,222238,operating
535435699,The Seasonal Channel,"Boyko, Éric",B,3969051,Stingray Ambiance,"Boyko, Éric",2599752,3537446,operating
214301194,The Weather Network / MétéoMédia,Pelmorex Investments Inc.,A,42693701,The Weather Network / MétéoMédia,Pelmorex Investments Inc.,36279709,34279495,operating
305423999,travel + escape,Blue Ant Media Inc.,A,7934207,travel + escape,Blue Ant Media Inc.,7188054,7295080,operating
305417281,TreeHouse TV,Corus Entertainment Inc.,A,13841370,TreeHouse TV,Corus Entertainment Inc.,12098340,11627536,operating
214301103,TV5 - Unis,TV5 Québec Canada,A,36489838,TV5 - Unis,TV5 Québec Canada,36724592,35605842,operating
535423082,Univision Canada (formerly TLN en Español),Corus Entertainment Inc.,B,1423529,Univision Canada (formerly TLN en Español),TLN Media Group Inc.,2106204,1786091,operating
305424012,Viceland (formerly The Biography Channel),Rogers Communications Inc.,A,6360365,Viceland (formerly The Biography Channel),Rogers Communications Inc.,0,0,closed
314600834,Vision TV,Olympus Management Limited,A,25669303,Vision TV,Olympus Management Limited,23979644,24026098,operating
214301111,VRAK.TV,BCE Inc.,A,26127473,VRAK (formerly Vrak.TV),BCE Inc.,16475532,13380241,operating
535417118,Wild tv  (The Hunting Channel),"Kohler, Dieter",B,6087038,Wild tv  (The Hunting Channel),"Kohler, Dieter",4755584,4603234,operating
415413806,W Network,Corus Entertainment Inc.,A,79862168,W Network,Corus Entertainment Inc.,84140939,82253542,operating
535420393,World Fishing Network (WFN-TV),Insight Sports Ltd.,B,2172450,Sportsman Canada,Keywest Marketing Ltd.,2017740,2132613,operating
535429402,YOOPA (formerly TVA Junior),Les Placements Péladeau inc.,B,4035161,YOOPA (formerly TVA Junior),Les Placements Péladeau inc.,3711230,3390239,operating
314600842,YTV,Corus Entertainment Inc.,A,73440802,YTV,Corus Entertainment Inc.,57037131,50066432,operating
535434500,Zee Cinema Canada (formerly Bollywood SD),"Levin, Slava",B,132767,,,,,absent
535435821,Zee Premier Canada (Bollywood Movies TV),"Levin, Slava",B,4564,,,,,absent
535435681,Zee TV Canada (formerly Hindi Women’s TV),"Levin, Slava",B,2329275,,,,,absent
535426961,Zeste (formerly Cuisine),Groupe Serdy inc.,B,6344885,Zeste (formerly Cuisine),Les Placements Péladeau inc.,6061774,5965139,operating
535435847,Zing (formerly Hindi Music TV),"Levin, Slava",B,22301,,,,,absent
205421572,Ztélé (formerly Canal Z),BCE Inc.,A,25560194,Z (formerly Ztélé),BCE Inc.,18047569,16668391,operating
