undertaking,service_2016,owner_2016,owner_2015,crtc_chart_service,crtc_chart
535435813,Aajtak Canada (formerly Hindi News),"Levin, Slava","Levin, Slava",,
535434435,ABC Spark (formerly Harmony),Corus Entertainment Inc.,Corus Entertainment Inc.,,
535437471,Aboriginal Peoples Television Network (APTN),Aboriginal Peoples Television Network Incorporated,Aboriginal Peoples Television Network Incorporated,,
305424997,ACTION (formerly Showcase Action),Corus Entertainment Inc.,Shaw Media Inc.,Action,32i
205424104,addikTV (formerly Mystère),Les Placements Péladeau inc.,Les Placements Péladeau inc.,,
305425763,All TV,"Lee, Jang Sung","Lee, Jang Sung",,
535437356,AMI-télé,Accessible Media Inc.,Accessible Media Inc.,,
535425674,AMI-tv (formerly The Accessible Channel),Accessible Media Inc.,Accessible Media Inc.,,
305426266,Animal Planet,BCE Inc.,BCE Inc.,,
205424097,ARGENT (formerly LCN Argent),Les Placements Péladeau inc.,Les Placements Péladeau inc.,,
535428545,ATN CBN (Cricket Channel One),"Chandrasekar, Shan","Chandrasekar, Shan",,
535428610,ATN Cricket Plus (Asian Sports Network),"Chandrasekar, Shan","Chandrasekar, Shan",,
535428553,ATN DD SPORTS (Cricket Channel Two),"Chandrasekar, Shan","Chandrasekar, Shan",,
535435053,ATN FOOD FOOD (South Asian Cooking Channel 1),"Chandrasekar, Shan","Chandrasekar, Shan",,
535433958,ATN Hindi Movie Channel 3,"Chandrasekar, Shan","Chandrasekar, Shan",,
535428529,ATN Hindi Movie Channel,"Chandrasekar, Shan","Chandrasekar, Shan",,
535428595,ATN - Music Network One (Hindi Music) - AMN1,"Chandrasekar, Shan","Chandrasekar, Shan",,
535433114,ATN NDTV 24x7 (formerly South Asian English News Channel 2,"Chandrasekar, Shan","Chandrasekar, Shan",,
535432348,ATN SAB (Comedy Channel One),"Chandrasekar, Shan","Chandrasekar, Shan",,
535435467,ATN South Asian Television Canada Channel 2 (SATV 2),"Chandrasekar, Shan","Chandrasekar, Shan",,
305417421,ATN South Asian Television (SATV),"Chandrasekar, Shan","Chandrasekar, Shan",,
535428579,ATN - Times Now (formerly South Asian News - English),"Chandrasekar, Shan","Chandrasekar, Shan",,
535428602,ATN - Zoom (formerly Music Network Two),"Chandrasekar, Shan","Chandrasekar, Shan",,
535428149,AUX TV,Blue Ant Media Inc.,Blue Ant Media Inc.,,
205429568,Avis de Recherche,"Géracitano, Vincent","Géracitano, Vincent",,
305424319,BBC Canada,Corus Entertainment Inc.,Shaw Media Inc.,BBC Canada,32i
535422323,BBC Earth (formerly radX),Blue Ant Media Inc.,Blue Ant Media Inc.,,
305426852,BBC Kids,Knowledge Network Corporation,Knowledge Network Corporation,,
535434906,BC News 1 (formerly Global News Plus BC),Corus Entertainment Inc.,Shaw Media Inc.,BC News 1,32h
405423922,Book Television (formerly Book Television - The Channel),BCE Inc.,BCE Inc.,,
305424848,BPM:TV (The Dance Channel),"Smith, Vincent & Co. Ltd.","Smith, Vincent & Co. Ltd.",,
315413740,Bravo!,BCE Inc.,BCE Inc.,,
305417273,Business News Network (BNN) (previously ROBTV),BCE Inc.,BCE Inc.,,
305417348,CablePulse 24 (CP24),BCE Inc.,BCE Inc.,,
215413790,Canal D,BCE Inc.,BCE Inc.,,
535433411,Canal D/Investigation,BCE Inc.,BCE Inc.,,
205417381,Canal Vie,BCE Inc.,BCE Inc.,,
535433982,Cartoon Network (formerly TELETOON Kapow!),Corus Entertainment Inc.,Corus Entertainment Inc.,,
535421135,Cartoon Network (formerly TELETOON Retro (English)),Corus Entertainment Inc.,Corus Entertainment Inc.,,
535421276,Casa - (formerly Les idées de ma maison),Les Placements Péladeau inc.,Les Placements Péladeau inc.,,
435413778,CMT (formerly Country Music Television),Corus Entertainment Inc.,Corus Entertainment Inc.,,
405426314,Comedy Gold (formerly TV Land),BCE Inc.,BCE Inc.,,
305427636,Cooking Channel (formerly W Movies),Corus Entertainment Inc.,Corus Entertainment Inc.,,
535425723,Cosmopolitan TV (formerly Cosmopolitan Television),Corus Entertainment Inc.,Corus Entertainment Inc.,,
405423948,Cottage Life (formerly Bold),Blue Ant Media Inc.,Blue Ant Media Inc.,,
305423907,Crime + Investigation (formerly Mystery),Corus Entertainment Inc.,Shaw Media Inc.,Crime + Investigation,32h
535421515,Daystar Canada (formerly Grace TV),World Media Ministries,World Media Ministries,,
305426050,DejaView,Corus Entertainment Inc.,Shaw Media Inc.,Deja View,32h
315413765,Discovery Channel,BCE Inc.,BCE Inc.,,
305426191,Discovery Science (formerly Discovery Civilization Channel),BCE Inc.,BCE Inc.,,
535421250,Discovery Velocity (formerly Discovery World HD),BCE Inc.,BCE Inc.,,
535421151,D.I.Y. Network (formerly D.I.Y. Television),Corus Entertainment Inc.,Shaw Media Inc.,DIY Network,32i
305423965,Documentary (formerly The Canadian Documentary Channel),Canadian Broadcasting Corporation,Canadian Broadcasting Corporation,,
305417299,DTOUR (formerly TVtropolis),Corus Entertainment Inc.,Shaw Media Inc.,DTOUR,32h
305417330,E! (formerly Star! TV),BCE Inc.,BCE Inc.,,
305424608,ESPN Classic,BCE Inc.,BCE Inc.,,
535422000,EuroWorld SPORT (formerly RCS Television),Corus Entertainment Inc.,Corus Entertainment Inc.,,
205421548,Évasion (formerly Canal Évasion),Groupe Serdy inc.,Groupe Serdy inc.,,
535435714,Fairchild Television II,Fairchild Property Group Ltd.,Fairchild Property Group Ltd.,,
314600560,Fairchild TV,Fairchild Property Group Ltd.,Fairchild Property Group Ltd.,,
535428214,Family CHRGD (formerly Disney XD),DHX Media Ltd.,DHX Media Ltd.,,
305423931,FashionTelevisionChannel (formerly Fashion Television ...),BCE Inc.,BCE Inc.,,
305424179,Festival Portuguese Television,"Alvarez, Francisco S.","Alvarez, Francisco S.",,
535418348,Fight Network,Sygnus Corp.,Sygnus Corp.,,
535435540,FNTSY Sports Network (formerly The League–Fantasy Sports TV),Sygnus Corp.,Sygnus Corp.,,
305423329,Food Network Canada,Corus Entertainment Inc.,Shaw Media Inc.,Food Network Canada,32i
535432174,FX (formerly FX Canada),Rogers Communications Inc.,Rogers Communications Inc.,,
535432190,FXX (Canada) (formerly Ampersand),Rogers Communications Inc.,Rogers Communications Inc.,,
305424020,Fyi (formerly Twist TV),Corus Entertainment Inc.,Shaw Media Inc.,fyi,32i
305423957,G4 (Canada) (fromerly G4techTV),Rogers Communications Inc.,Rogers Communications Inc.,,
305428072,GameTV (formerly CGTV Canada),Kilmer Van Nostrand Co. Limited,Kilmer Van Nostrand Co. Limited,,
535420913,Gol TV (The Soccer net),8047286 Canada Inc.,8047286 Canada Inc.,,
535430706,GUSTO (formerly MmmTV),"Knight, Christopher","Knight, Christopher",,
205424055,"H2 (formerly The Cave, Men TV)",Corus Entertainment Inc.,Shaw Media Inc.,H2,32h
305417322,HGTV Canada - Home and Garden Television Canada,Corus Entertainment Inc.,Shaw Media Inc.,HGTV Canada,32i
535420898,HIFI (formerly Treasure HD),Blue Ant Media Inc.,Blue Ant Media Inc.,,
205421556,Historia,Corus Entertainment Inc.,Corus Entertainment Inc.,,
305417249,History Television,Corus Entertainment Inc.,Shaw Media Inc.,History Television,32i
535429824,Hollywood Suite 2000s Movies (formerly Sony Movie Channel),Hollywood Suite Inc.,Hollywood Suite Inc.,,
535429791,Hollywood Suite 70s Movies (formerly Warner Films),"Switzer, Jacob (Jay)","Switzer, Jacob (Jay)",,
535429816,Hollywood Suite 80s Movies (formerly MGM Channel),"Switzer, Jacob (Jay)","Switzer, Jacob (Jay)",,
535429808,Hollywood Suite 90s Movies (formerly AXN Movies),Hollywood Suite Inc.,Hollywood Suite Inc.,,
305424616,HPItv (formerly The Racing Network Canada),Woodbine Entertainment Group,Woodbine Entertainment Group,,
305424046,ichannel,"Smith, Vincent & Co. Ltd.","Smith, Vincent & Co. Ltd.",,
205423734,ICI ARTV,Canadian Broadcasting Corporation,Canadian Broadcasting Corporation,,
535432215,ICI EXPLORA (formerly SENS),Canadian Broadcasting Corporation,Canadian Broadcasting Corporation,,
535419289,IDNR-TV Natural Resources Television,6199054 Canada Inc.,6199054 Canada Inc.,,
405425613,Investigation Discovery (formerly Court TV Canada),BCE Inc.,BCE Inc.,,
535421127,La chaîne Disney (formerly TÉLÉTOON Rétro (Français)),Corus Entertainment Inc.,Corus Entertainment Inc.,,
305425531,Leafs TV,8047286 Canada Inc.,8047286 Canada Inc.,,
305425002,Lifetime (formerly Showcase Diva),Corus Entertainment Inc.,Shaw Media Inc.,Lifetime,32i
535420880,Love Nature (formerly Oasis HD),Blue Ant Media Inc.,Blue Ant Media Inc.,,
305417364,M3,BCE Inc.,BCE Inc.,,
305428600,Makeful TV (formerly BITE Television ),Blue Ant Media Inc.,Blue Ant Media Inc.,,
205417399,MAX (formerly MUSIMAX),Remstar Diffusion inc.,Remstar Diffusion inc.,,
535423024,Mediaset Italia (formerly Italian Entertainment TV),Corus Entertainment Inc.,Corus Entertainment Inc.,,
535430516,Moi&cie (formerly Mlle),Les Placements Péladeau inc.,Les Placements Péladeau inc.,,
305426000,MovieTime (formerly known as Lonestar),Corus Entertainment Inc.,Shaw Media Inc.,MovieTime,32h
405424037,MTV2 (formerly Razer),BCE Inc.,BCE Inc.,,
305417372,MTV (Canada) (formerly known as Talk TV),BCE Inc.,BCE Inc.,,
314600545,Much (formerly MuchMusic),BCE Inc.,BCE Inc.,,
214301129,MusiquePlus,Remstar Diffusion inc.,Remstar Diffusion inc.,,
535434584,NatGeo Wild,Corus Entertainment Inc.,Shaw Media Inc.,NatGeo Wild,32i
305424294,National Geographic Channel,Corus Entertainment Inc.,Shaw Media Inc.,National Geographic Channel,32i
305425440,NBA TV (Canada) - (formerly Raptors NBA TV),8047286 Canada Inc.,8047286 Canada Inc.,,
535427068,Nickelodeon (formerly YTV OneWorld),Corus Entertainment Inc.,Corus Entertainment Inc.,,
535433015,NTD Television,New Tang Dynasty Television (Canada),New Tang Dynasty Television (Canada),,
305417413,Odyssey (formerly OTN),"Maniatakos, Peter","Maniatakos, Peter",,
535433437,OTN 3,"Maniatakos, Peter","Maniatakos, Peter",,
305417314,Outdoor Life Network (OLN),Rogers Communications Inc.,Rogers Communications Inc.,,
305423973,OUTtv (formerly PrideVision),"Shavick, James","Shavick, James",,
305417257,OWN: The Oprah Winfrey Network (formerly OWN; formerly VIVA),Corus Entertainment Inc.,Corus Entertainment Inc.,,
535425161,Penthouse TV,"Duncan, Stuart","Duncan, Stuart",,
535420062,Playmen (formerly HARDtv),Fifth Dimension Properties Inc.,Fifth Dimension Properties Inc.,,
535421284,Prise 2 (formerly Nostalgie),Les Placements Péladeau inc.,Les Placements Péladeau inc.,,
535437455,Public Affairs programming/coverage of the HOC proceedings,Cable Public Affairs Channel Inc.,Cable Public Affairs Channel Inc.,,
205424063,RDS Info (formerly Réseau Info Sports (RIS),BCE Inc.,BCE Inc.,,
305424731,Red Hot TV (Red Light District TV),"Duncan, Stuart","Duncan, Stuart",,
305425599,Rewind (formerly Movieola),2308740 Ontario Inc.,2308740 Ontario Inc.,,
305428436,Salt & Light (Inner Peace Television Network),Salt and Light Catholic Media Foundation,Salt and Light Catholic Media Foundation,,
205421564,Séries+,Corus Entertainment Inc.,Corus Entertainment Inc.,,
315413732,Showcase,Corus Entertainment Inc.,Shaw Media Inc.,Showcase,32i
535417803,Silver Screen Classics,2308740 Ontario Inc.,2308740 Ontario Inc.,,
315413724,Slice,Corus Entertainment Inc.,Shaw Media Inc.,Slice,32i
535422357,Smithsonian Channel (formerly eqhd),Blue Ant Media Inc.,Blue Ant Media Inc.,,
305417306,Space (formerly Space: The Imagination Station),BCE Inc.,BCE Inc.,,
305417356,Sportsnet 360 (formerly The Score),Rogers Communications Inc.,Rogers Communications Inc.,,
535426052,Sportsnet World (formerly Setanta Sports (Canada)),Rogers Communications Inc.,Rogers Communications Inc.,,
305425325,SSTV,"Pannu, Ravinder Singh","Pannu, Ravinder Singh",,
305427644,Sundance Channel (formerly Drive-In Classics Channel),Corus Entertainment Inc.,Corus Entertainment Inc.,,
515408441,Talentvision,Fairchild Property Group Ltd.,Fairchild Property Group Ltd.,,
535435722,Talentvision II,Fairchild Property Group Ltd.,Fairchild Property Group Ltd.,,
535433825,Telebimbi (formerly All Italian Children's Television),Corus Entertainment Inc.,Corus Entertainment Inc.,,
314600552,Telelatino,Corus Entertainment Inc.,Corus Entertainment Inc.,,
535421862,Télémagino (formerly Disney Junior),DHX Media Ltd.,DHX Media Ltd.,,
535433817,"""Teleniños"" (formerly All Spanish Children's Television)",Corus Entertainment Inc.,Corus Entertainment Inc.,,
305417231,TELETOON/TÉLÉTOON,Corus Entertainment Inc.,Corus Entertainment Inc.,,
535438148,Ten Cricket (formerly ECGL Cricket TV),"Levin, Slava","Levin, Slava",,
305425416,TGCOM24 (formerly Sky TG 24 Canada),Corus Entertainment Inc.,Corus Entertainment Inc.,,
305423915,"The Brand New ONE Body, Mind, Spirit, Love Channel",Olympus Management Limited,Olympus Management Limited,,
305417215,The Comedy Network,BCE Inc.,BCE Inc.,,
105424006,The Independent Film Channel Canada,Corus Entertainment Inc.,Shaw Media Inc.,The Independent Film Channel Canada,32i
305425789,The NHL Network,3918921 Canada Inc.,3918921 Canada Inc.,,
305424822,The Pet Network,"Smith, Vincent & Co. Ltd.","Smith, Vincent & Co. Ltd.",,
535426911,The Rural Channel,Hundredfold Holdings Inc.,Hundredfold Holdings Inc.,,
535435699,The Seasonal Channel,"Boyko, Éric","Boyko, Éric",,
214301194,The Weather Network / MétéoMédia,Pelmorex Investments Inc.,Pelmorex Investments Inc.,,
305423999,travel + escape,Blue Ant Media Inc.,Blue Ant Media Inc.,,
305417281,TreeHouse TV,Corus Entertainment Inc.,Corus Entertainment Inc.,,
214301103,TV5 - Unis,TV5 Québec Canada,TV5 Québec Canada,,
535423082,Univision Canada (formerly TLN en Español),Corus Entertainment Inc.,Corus Entertainment Inc.,,
305424012,Viceland (formerly The Biography Channel),Rogers Communications Inc.,Rogers Communications Inc.,,
314600834,Vision TV,Olympus Management Limited,Olympus Management Limited,,
214301111,VRAK.TV,BCE Inc.,BCE Inc.,,
535417118,Wild tv  (The Hunting Channel),"Kohler, Dieter","Kohler, Dieter",,
415413806,W Network,Corus Entertainment Inc.,Corus Entertainment Inc.,,
535420393,World Fishing Network (WFN-TV),Insight Sports Ltd.,Insight Sports Ltd.,,
535429402,YOOPA (formerly TVA Junior),Les Placements Péladeau inc.,Les Placements Péladeau inc.,,
314600842,YTV,Corus Entertainment Inc.,Corus Entertainment Inc.,,
535434500,Zee Cinema Canada (formerly Bollywood SD),"Levin, Slava","Levin, Slava",,
535435821,Zee Premier Canada (Bollywood Movies TV),"Levin, Slava","Levin, Slava",,
535435681,Zee TV Canada (formerly Hindi Women’s TV),"Levin, Slava","Levin, Slava",,
535426961,Zeste (formerly Cuisine),Groupe Serdy inc.,Groupe Serdy inc.,,
535435847,Zing (formerly Hindi Music TV),"Levin, Slava","Levin, Slava",,
205421572,Ztélé (formerly Canal Z),BCE Inc.,BCE Inc.,,
