year,discretionary_ondemand_excl_exempt,private_conventional,cbc_conventional,bdu_contributions,ilnf,total,report_baseline,report_lttv
2012,1388.9,661.8,733.6,392.7,0.0,3177.0,3165,3165
2013,1323.1,605.4,700.8,418.2,0.0,3047.5,3034,3034
2014,1500.1,619.3,789.8,435.1,0.0,3344.3,3324,3324
2015,1636.4,655.7,557.2,436.5,0.0,3285.8,3258,3258
2016,1727.4,633.7,635.1,431.0,0.0,3427.1,3140,3059
2017,1739.2,618.2,508.6,417.1,0.0,3283.2,3125,2921
2018,1704.7,655.3,580.2,400.7,21.7,3341.0,3121,2787
2019,1647.5,669.9,494.1,392.0,21.2,3203.6,3138,2773
2020,1486.4,624.9,453.9,388.6,24.2,2953.7,3155,2756
