letter,component,musd
A,"BDU contributions (CMF, independent funds, community channels), baseline 2020 (Fig. 8)",445
B,"Programming services, baseline 2020 (Fig. 9 stack total)",2710
C,"CBC/SRC conventional, baseline 2020 (Fig. 9)",668
D,"Specialty services, baseline 2020 (Fig. 9)",1507
E,"Private conventional, baseline 2020 (Fig. 9)",469
F,"Pay, PPV and VOD, baseline 2020 (Fig. 9)",66
G,"Total CPE, LTTV scenario 2020 (Fig. 43)",2756
H,Total CPE 2015 (Fig. 43),3258
J,"Total CPE 2014, last actual year (Fig. 43)",3324
N1,CPE impact 2020 (Fig. 43),399
N2,Programming-services part of the CPE impact 2020 (Fig. 43),352
