year,cpi_all_items_2002_100,source
2010,116.5,"Statistics Canada, table 18-10-0005-01 (vector v41693271)"
2011,119.9,"Statistics Canada, table 18-10-0005-01 (vector v41693271)"
2012,121.7,"Statistics Canada, table 18-10-0005-01 (vector v41693271)"
2013,122.8,"Statistics Canada, table 18-10-0005-01 (vector v41693271)"
2014,125.2,"Statistics Canada, table 18-10-0005-01 (vector v41693271)"
2015,126.6,"Statistics Canada, table 18-10-0005-01 (vector v41693271)"
2016,128.4,"Statistics Canada, table 18-10-0005-01 (vector v41693271)"
2017,130.4,"Statistics Canada, table 18-10-0005-01 (vector v41693271)"
2018,133.4,"Statistics Canada, table 18-10-0005-01 (vector v41693271)"
2019,136.0,"Statistics Canada, table 18-10-0005-01 (vector v41693271)"
2020,137.0,"Statistics Canada, table 18-10-0005-01 (vector v41693271)"
