series,year,value,unit,source
specialty_pay_revenue,2012,3967.6,$M,CRTC SFS 2016 vintage
specialty_pay_revenue,2013,4091.0,$M,CRTC SFS 2016 vintage
specialty_pay_revenue,2014,4248.8,$M,CRTC SFS 2016 vintage
specialty_pay_revenue,2015,4289.7,$M,CRTC SFS 2016 vintage
specialty_pay_revenue,2016,4363.7,$M,CRTC SFS 2020 vintage
specialty_pay_revenue,2017,4299.7,$M,CRTC SFS 2020 vintage
specialty_pay_revenue,2018,4219.3,$M,CRTC SFS 2020 vintage
specialty_pay_revenue,2019,4195.9,$M,CRTC SFS 2020 vintage
specialty_pay_revenue,2020,3875.9,$M,CRTC SFS 2020 vintage
specialty_pay_revenue_incl_exempt,2012,3967.6,$M,CRTC SFS 2016 vintage
specialty_pay_revenue_incl_exempt,2013,4091.0,$M,CRTC SFS 2016 vintage
specialty_pay_revenue_incl_exempt,2014,4248.8,$M,CRTC SFS 2016 vintage
specialty_pay_revenue_incl_exempt,2015,4289.7,$M,CRTC SFS 2016 vintage
specialty_pay_revenue_incl_exempt,2016,4418.3,$M,CRTC SFS 2020 vintage
specialty_pay_revenue_incl_exempt,2017,4365.2,$M,CRTC SFS 2020 vintage
specialty_pay_revenue_incl_exempt,2018,4248.0,$M,CRTC SFS 2020 vintage
specialty_pay_revenue_incl_exempt,2019,4234.2,$M,CRTC SFS 2020 vintage
specialty_pay_revenue_incl_exempt,2020,3929.1,$M,CRTC SFS 2020 vintage
bdu_revenue,2012,8560.8,$M,CRTC SFS 2016 vintage
bdu_revenue,2013,8793.9,$M,CRTC SFS 2016 vintage
bdu_revenue,2014,8930.0,$M,CRTC SFS 2016 vintage
bdu_revenue,2015,8918.7,$M,CRTC SFS 2016 vintage
bdu_revenue,2016,8779.1,$M,CRTC SFS 2020 vintage
bdu_revenue,2017,8581.1,$M,CRTC SFS 2020 vintage
bdu_revenue,2018,8424.4,$M,CRTC SFS 2020 vintage
bdu_revenue,2019,8364.2,$M,CRTC SFS 2020 vintage
bdu_revenue,2020,8093.9,$M,CRTC SFS 2020 vintage
bdu_affiliation_payments,2012,3007.2,$M,CRTC SFS 2016 vintage
bdu_affiliation_payments,2013,3103.7,$M,CRTC SFS 2016 vintage
bdu_affiliation_payments,2014,3304.8,$M,CRTC SFS 2016 vintage
bdu_affiliation_payments,2015,3424.5,$M,CRTC SFS 2016 vintage
bdu_affiliation_payments,2016,3498.8,$M,CRTC SFS 2020 vintage
bdu_affiliation_payments,2017,3523.9,$M,CRTC SFS 2020 vintage
bdu_affiliation_payments,2018,3568.7,$M,CRTC SFS 2020 vintage
bdu_affiliation_payments,2019,3579.3,$M,CRTC SFS 2020 vintage
bdu_affiliation_payments,2020,3570.1,$M,CRTC SFS 2020 vintage
bdu_subscribers_thousands,2012,11528.9,thousands,CRTC SFS 2016 vintage
bdu_subscribers_thousands,2013,11517.4,thousands,CRTC SFS 2016 vintage
bdu_subscribers_thousands,2014,11404.6,thousands,CRTC SFS 2016 vintage
bdu_subscribers_thousands,2015,11246.7,thousands,CRTC SFS 2016 vintage
bdu_subscribers_thousands,2016,11089.6,thousands,CRTC SFS 2020 vintage
bdu_subscribers_thousands,2017,10899.0,thousands,CRTC SFS 2020 vintage
bdu_subscribers_thousands,2018,10820.4,thousands,CRTC SFS 2020 vintage
bdu_subscribers_thousands,2019,10552.5,thousands,CRTC SFS 2020 vintage
bdu_subscribers_thousands,2020,10213.7,thousands,CRTC SFS 2020 vintage
