quantity,version,sigma,k,se,ci_lo,ci_hi,band_lo,band_hi,verdict
specialty_pay_revenue,as published (splice rule),0.01,0.12,0.08,-0.04,0.27,0.75,2.54,smaller than the forecasters' inputs imply (no detectable effect)
specialty_pay_revenue,as published (splice rule),0.02,0.12,0.16,-0.19,0.43,0.75,2.54,smaller than the forecasters' inputs imply (no detectable effect)
specialty_pay_revenue,as published (splice rule),0.03,0.12,0.24,-0.35,0.59,0.75,2.54,smaller than the forecasters' inputs imply (no detectable effect)
specialty_pay_revenue,as published (splice rule),0.05,0.12,0.4,-0.66,0.9,0.75,2.54,inconclusive
specialty_pay_revenue,as published (splice rule),0.08,0.12,0.64,-1.13,1.37,0.75,2.54,inconclusive
specialty_pay_revenue,rescaled to report's 2014 [sensitivity],0.01,0.13,0.08,-0.03,0.29,0.75,2.54,smaller than the forecasters' inputs imply (no detectable effect)
specialty_pay_revenue,rescaled to report's 2014 [sensitivity],0.02,0.13,0.16,-0.18,0.44,0.75,2.54,smaller than the forecasters' inputs imply (no detectable effect)
specialty_pay_revenue,rescaled to report's 2014 [sensitivity],0.03,0.13,0.24,-0.34,0.6,0.75,2.54,smaller than the forecasters' inputs imply (no detectable effect)
specialty_pay_revenue,rescaled to report's 2014 [sensitivity],0.05,0.13,0.4,-0.65,0.91,0.75,2.54,inconclusive
specialty_pay_revenue,rescaled to report's 2014 [sensitivity],0.08,0.13,0.64,-1.12,1.38,0.75,2.54,inconclusive
bdu_revenue,as published (splice rule),0.01,1.3,0.22,0.88,1.73,0.8,2.24,consistent with the forecast range (includes k = 1)
bdu_revenue,as published (splice rule),0.02,1.3,0.44,0.45,2.16,0.8,2.24,consistent with the forecast range (includes k = 1)
bdu_revenue,as published (splice rule),0.03,1.3,0.66,0.02,2.59,0.8,2.24,consistent with the forecast range (includes k = 1)
bdu_revenue,as published (splice rule),0.05,1.3,1.09,-0.84,3.44,0.8,2.24,inconclusive
bdu_revenue,as published (splice rule),0.08,1.3,1.75,-2.12,4.73,0.8,2.24,inconclusive
bdu_revenue,rescaled to report's 2014 [sensitivity],0.01,1.23,0.22,0.8,1.66,0.8,2.24,consistent with the forecast range (includes k = 1)
bdu_revenue,rescaled to report's 2014 [sensitivity],0.02,1.23,0.44,0.37,2.09,0.8,2.24,consistent with the forecast range (includes k = 1)
bdu_revenue,rescaled to report's 2014 [sensitivity],0.03,1.23,0.66,-0.05,2.51,0.8,2.24,inconclusive
bdu_revenue,rescaled to report's 2014 [sensitivity],0.05,1.23,1.09,-0.91,3.37,0.8,2.24,inconclusive
bdu_revenue,rescaled to report's 2014 [sensitivity],0.08,1.23,1.75,-2.19,4.65,0.8,2.24,inconclusive
