quantity,scenario,scenario_basis,sigma_label,sigma,effect_2018_log,baseline_error_sd_2018,effect_over_sd_2018,correct_N_path,correct_F_path,correct_N_2018,correct_F_2018
specialty_pay_revenue,report,report's own inputs,historical,0.0221,0.2155,0.0443,4.87,0.998,0.988,0.992,0.98
specialty_pay_revenue,report,report's own inputs,0.01,0.01,0.2155,0.02,10.78,1.0,1.0,1.0,1.0
specialty_pay_revenue,report,report's own inputs,0.02,0.02,0.2155,0.04,5.39,0.999,0.993,0.995,0.985
specialty_pay_revenue,report,report's own inputs,0.03,0.03,0.2155,0.06,3.59,0.983,0.951,0.964,0.931
specialty_pay_revenue,report,report's own inputs,0.05,0.05,0.2155,0.1,2.16,0.896,0.838,0.861,0.809
specialty_pay_revenue,report,report's own inputs,0.08,0.08,0.2155,0.16,1.35,0.787,0.73,0.747,0.709
specialty_pay_revenue,low_cited,uptake 10% (Corus low end); other inputs as report,historical,0.0221,0.1617,0.0443,3.65,0.998,0.878,0.993,0.853
specialty_pay_revenue,low_cited,uptake 10% (Corus low end); other inputs as report,0.01,0.01,0.1617,0.02,8.08,1.0,0.996,1.0,0.989
specialty_pay_revenue,low_cited,uptake 10% (Corus low end); other inputs as report,0.02,0.02,0.1617,0.04,4.04,0.999,0.905,0.996,0.879
specialty_pay_revenue,low_cited,uptake 10% (Corus low end); other inputs as report,0.03,0.03,0.1617,0.06,2.69,0.982,0.8,0.962,0.776
specialty_pay_revenue,low_cited,uptake 10% (Corus low end); other inputs as report,0.05,0.05,0.1617,0.1,1.62,0.89,0.698,0.856,0.674
specialty_pay_revenue,low_cited,uptake 10% (Corus low end); other inputs as report,0.08,0.08,0.1617,0.16,1.01,0.782,0.627,0.749,0.612
specialty_pay_revenue,high_cited,"uptake 35% (Oliver Wyman); closures 2.5x (Bell, Oliver Wyman)",historical,0.0221,0.5281,0.0443,11.93,0.998,1.0,0.993,1.0
specialty_pay_revenue,high_cited,"uptake 35% (Oliver Wyman); closures 2.5x (Bell, Oliver Wyman)",0.01,0.01,0.5281,0.02,26.4,1.0,1.0,1.0,1.0
specialty_pay_revenue,high_cited,"uptake 35% (Oliver Wyman); closures 2.5x (Bell, Oliver Wyman)",0.02,0.02,0.5281,0.04,13.2,0.999,1.0,0.997,1.0
specialty_pay_revenue,high_cited,"uptake 35% (Oliver Wyman); closures 2.5x (Bell, Oliver Wyman)",0.03,0.03,0.5281,0.06,8.8,0.982,1.0,0.966,1.0
specialty_pay_revenue,high_cited,"uptake 35% (Oliver Wyman); closures 2.5x (Bell, Oliver Wyman)",0.05,0.05,0.5281,0.1,5.28,0.895,0.999,0.859,0.997
specialty_pay_revenue,high_cited,"uptake 35% (Oliver Wyman); closures 2.5x (Bell, Oliver Wyman)",0.08,0.08,0.5281,0.16,3.3,0.784,0.969,0.752,0.954
specialty_pay_revenue,low_project,"project choice: uptake 10%, no OTT acceleration, half the closures",historical,0.0221,0.1074,0.0443,2.43,0.997,0.486,0.992,0.498
specialty_pay_revenue,low_project,"project choice: uptake 10%, no OTT acceleration, half the closures",0.01,0.01,0.1074,0.02,5.37,1.0,0.472,1.0,0.495
specialty_pay_revenue,low_project,"project choice: uptake 10%, no OTT acceleration, half the closures",0.02,0.02,0.1074,0.04,2.69,0.999,0.484,0.996,0.502
specialty_pay_revenue,low_project,"project choice: uptake 10%, no OTT acceleration, half the closures",0.03,0.03,0.1074,0.06,1.79,0.982,0.489,0.965,0.495
specialty_pay_revenue,low_project,"project choice: uptake 10%, no OTT acceleration, half the closures",0.05,0.05,0.1074,0.1,1.07,0.895,0.497,0.861,0.499
specialty_pay_revenue,low_project,"project choice: uptake 10%, no OTT acceleration, half the closures",0.08,0.08,0.1074,0.16,0.67,0.784,0.496,0.756,0.498
bdu_revenue,report,report's own inputs,historical,0.0189,0.0827,0.0378,2.19,0.889,0.861,0.864,0.84
bdu_revenue,report,report's own inputs,0.01,0.01,0.0827,0.02,4.13,0.989,0.982,0.982,0.97
bdu_revenue,report,report's own inputs,0.02,0.02,0.0827,0.04,2.07,0.875,0.848,0.851,0.826
bdu_revenue,report,report's own inputs,0.03,0.03,0.0827,0.06,1.38,0.777,0.764,0.754,0.742
bdu_revenue,report,report's own inputs,0.05,0.05,0.0827,0.1,0.83,0.673,0.665,0.66,0.651
bdu_revenue,report,report's own inputs,0.08,0.08,0.0827,0.16,0.52,0.617,0.597,0.607,0.588
bdu_revenue,low_cited,uptake 10% (Corus low end); other inputs as report,historical,0.0189,0.0652,0.0378,1.72,0.888,0.746,0.863,0.722
bdu_revenue,low_cited,uptake 10% (Corus low end); other inputs as report,0.01,0.01,0.0652,0.02,3.26,0.989,0.897,0.978,0.873
bdu_revenue,low_cited,uptake 10% (Corus low end); other inputs as report,0.02,0.02,0.0652,0.04,1.63,0.87,0.742,0.848,0.714
bdu_revenue,low_cited,uptake 10% (Corus low end); other inputs as report,0.03,0.03,0.0652,0.06,1.09,0.777,0.661,0.755,0.645
bdu_revenue,low_cited,uptake 10% (Corus low end); other inputs as report,0.05,0.05,0.0652,0.1,0.65,0.672,0.608,0.655,0.6
bdu_revenue,low_cited,uptake 10% (Corus low end); other inputs as report,0.08,0.08,0.0652,0.16,0.41,0.616,0.559,0.604,0.552
bdu_revenue,high_cited,"uptake 35% (Oliver Wyman); closures 2.5x (Bell, Oliver Wyman)",historical,0.0189,0.1822,0.0378,4.82,0.888,1.0,0.867,0.999
bdu_revenue,high_cited,"uptake 35% (Oliver Wyman); closures 2.5x (Bell, Oliver Wyman)",0.01,0.01,0.1822,0.02,9.11,0.988,1.0,0.978,1.0
bdu_revenue,high_cited,"uptake 35% (Oliver Wyman); closures 2.5x (Bell, Oliver Wyman)",0.02,0.02,0.1822,0.04,4.55,0.877,0.999,0.854,0.998
bdu_revenue,high_cited,"uptake 35% (Oliver Wyman); closures 2.5x (Bell, Oliver Wyman)",0.03,0.03,0.1822,0.06,3.04,0.771,0.984,0.75,0.977
bdu_revenue,high_cited,"uptake 35% (Oliver Wyman); closures 2.5x (Bell, Oliver Wyman)",0.05,0.05,0.1822,0.1,1.82,0.674,0.906,0.658,0.885
bdu_revenue,high_cited,"uptake 35% (Oliver Wyman); closures 2.5x (Bell, Oliver Wyman)",0.08,0.08,0.1822,0.16,1.14,0.617,0.794,0.6,0.773
bdu_revenue,low_project,"project choice: uptake 10%, no OTT acceleration, half the closures",historical,0.0189,0.0407,0.0378,1.08,0.888,0.497,0.863,0.495
bdu_revenue,low_project,"project choice: uptake 10%, no OTT acceleration, half the closures",0.01,0.01,0.0407,0.02,2.03,0.989,0.484,0.981,0.493
bdu_revenue,low_project,"project choice: uptake 10%, no OTT acceleration, half the closures",0.02,0.02,0.0407,0.04,1.02,0.87,0.497,0.846,0.5
bdu_revenue,low_project,"project choice: uptake 10%, no OTT acceleration, half the closures",0.03,0.03,0.0407,0.06,0.68,0.777,0.497,0.754,0.501
bdu_revenue,low_project,"project choice: uptake 10%, no OTT acceleration, half the closures",0.05,0.05,0.0407,0.1,0.41,0.683,0.489,0.667,0.489
bdu_revenue,low_project,"project choice: uptake 10%, no OTT acceleration, half the closures",0.08,0.08,0.0407,0.16,0.25,0.612,0.5,0.603,0.5
cpe,report,report's own inputs,historical,0.0906,0.1132,0.1812,0.62,0.636,0.63,0.622,0.617
cpe,report,report's own inputs,0.01,0.01,0.1132,0.02,5.66,1.0,0.998,0.997,0.995
cpe,report,report's own inputs,0.02,0.02,0.1132,0.04,2.83,0.946,0.926,0.917,0.898
cpe,report,report's own inputs,0.03,0.03,0.1132,0.06,1.89,0.86,0.828,0.828,0.799
cpe,report,report's own inputs,0.05,0.05,0.1132,0.1,1.13,0.74,0.719,0.712,0.7
cpe,report,report's own inputs,0.08,0.08,0.1132,0.16,0.71,0.652,0.644,0.628,0.628
cpe,low_cited,uptake 10% (Corus low end); other inputs as report,historical,0.0906,0.0864,0.1812,0.48,0.64,0.57,0.624,0.559
cpe,low_cited,uptake 10% (Corus low end); other inputs as report,0.01,0.01,0.0864,0.02,4.32,1.0,0.94,0.997,0.912
cpe,low_cited,uptake 10% (Corus low end); other inputs as report,0.02,0.02,0.0864,0.04,2.16,0.952,0.782,0.927,0.749
cpe,low_cited,uptake 10% (Corus low end); other inputs as report,0.03,0.03,0.0864,0.06,1.44,0.86,0.698,0.826,0.672
cpe,low_cited,uptake 10% (Corus low end); other inputs as report,0.05,0.05,0.0864,0.1,0.86,0.745,0.621,0.714,0.606
cpe,low_cited,uptake 10% (Corus low end); other inputs as report,0.08,0.08,0.0864,0.16,0.54,0.66,0.578,0.641,0.561
cpe,high_cited,"uptake 35% (Oliver Wyman); closures 2.5x (Bell, Oliver Wyman)",historical,0.0906,0.2565,0.1812,1.42,0.64,0.834,0.622,0.807
cpe,high_cited,"uptake 35% (Oliver Wyman); closures 2.5x (Bell, Oliver Wyman)",0.01,0.01,0.2565,0.02,12.83,0.999,1.0,0.998,1.0
cpe,high_cited,"uptake 35% (Oliver Wyman); closures 2.5x (Bell, Oliver Wyman)",0.02,0.02,0.2565,0.04,6.41,0.946,1.0,0.921,1.0
cpe,high_cited,"uptake 35% (Oliver Wyman); closures 2.5x (Bell, Oliver Wyman)",0.03,0.03,0.2565,0.06,4.28,0.865,0.998,0.828,0.996
cpe,high_cited,"uptake 35% (Oliver Wyman); closures 2.5x (Bell, Oliver Wyman)",0.05,0.05,0.2565,0.1,2.57,0.741,0.961,0.715,0.941
cpe,high_cited,"uptake 35% (Oliver Wyman); closures 2.5x (Bell, Oliver Wyman)",0.08,0.08,0.2565,0.16,1.6,0.659,0.867,0.64,0.837
cpe,low_project,"project choice: uptake 10%, no OTT acceleration, half the closures",historical,0.0906,0.0576,0.1812,0.32,0.637,0.503,0.619,0.503
cpe,low_project,"project choice: uptake 10%, no OTT acceleration, half the closures",0.01,0.01,0.0576,0.02,2.88,0.999,0.521,0.998,0.52
cpe,low_project,"project choice: uptake 10%, no OTT acceleration, half the closures",0.02,0.02,0.0576,0.04,1.44,0.948,0.508,0.922,0.511
cpe,low_project,"project choice: uptake 10%, no OTT acceleration, half the closures",0.03,0.03,0.0576,0.06,0.96,0.858,0.506,0.821,0.506
cpe,low_project,"project choice: uptake 10%, no OTT acceleration, half the closures",0.05,0.05,0.0576,0.1,0.58,0.736,0.51,0.71,0.509
cpe,low_project,"project choice: uptake 10%, no OTT acceleration, half the closures",0.08,0.08,0.0576,0.16,0.36,0.657,0.502,0.636,0.504
