sector,year,staff,pre2015_trend,forecast_direct_impact
channels,2012,6176,6210,
channels,2013,6116,6135,
channels,2014,6198,6060,
channels,2015,5899,5985,-0.0
channels,2016,5255,5910,-180.0
channels,2017,4769,5835,-440.0
channels,2018,4705,5760,-730.0
channels,2019,4403,5685,-800.0
channels,2020,3940,5610,-870.0
distributors,2012,28793,29173,
distributors,2013,28894,28727,
distributors,2014,29086,28281,
distributors,2015,27244,27836,-0.0
distributors,2016,26815,27390,-730.0
distributors,2017,27056,26944,-1730.0
distributors,2018,26103,26499,-2710.0
distributors,2019,27887,26053,-2910.0
distributors,2020,25768,25607,-3110.0
