year,baseline_subscribers_thousands,baseline_monthly_arpu,source
2012,11734,61.56,"Figs. 17 and 19, pp. 54 and 57"
2013,11761,63.33,"Figs. 17 and 19, pp. 54 and 57"
2014,11646,64.41,"Figs. 17 and 19, pp. 54 and 57"
2015,11569,64.94,"Figs. 17 and 19, pp. 54 and 57"
2016,11487,66.13,"Figs. 17 and 19, pp. 54 and 57"
2017,11400,67.58,"Figs. 17 and 19, pp. 54 and 57"
2018,11308,69.19,"Figs. 17 and 19, pp. 54 and 57"
2019,11211,71.02,"Figs. 17 and 19, pp. 54 and 57"
2020,11116,72.9,"Figs. 17 and 19, pp. 54 and 57"
