figure,pdf_page,printed_page,year,series,value,x,y
8,28,24,2010,cmf,189,203.9,374.8
8,28,24,2010,independent_funds,47,203.9,338.2
8,28,24,2010,community_channels,127,203.9,311.3
8,28,24,2010,stack_total,363,203.9,281.7
8,28,24,2011,cmf,205,232.0,372.3
8,28,24,2011,independent_funds,50,232.1,332.7
8,28,24,2011,community_channels,120,232.0,306.3
8,28,24,2011,stack_total,376,232.1,277.8
8,28,24,2012,cmf,208,260.2,371.9
8,28,24,2012,independent_funds,51,260.2,331.7
8,28,24,2012,community_channels,122,260.2,304.8
8,28,24,2012,stack_total,382,260.2,275.9
8,28,24,2013,cmf,214,288.3,370.9
8,28,24,2013,independent_funds,52,288.4,329.7
8,28,24,2013,community_channels,139,288.3,300.2
8,28,24,2013,stack_total,405,288.3,268.8
8,28,24,2014,cmf,218,316.5,370.3
8,28,24,2014,independent_funds,55,316.5,328.1
8,28,24,2014,community_channels,152,316.5,296.0
8,28,24,2014,stack_total,425,316.5,262.6
8,28,24,2015,cmf,222,344.6,369.8
8,28,24,2015,independent_funds,55,344.6,327.0
8,28,24,2015,community_channels,143,344.6,296.5
8,28,24,2015,stack_total,419,344.6,264.4
8,28,24,2016,cmf,222,372.8,369.8
8,28,24,2016,independent_funds,55,372.8,327.0
8,28,24,2016,community_channels,142,372.8,296.5
8,28,24,2016,stack_total,419,372.8,264.4
8,28,24,2017,cmf,224,400.9,369.4
8,28,24,2017,independent_funds,55,401.0,326.2
8,28,24,2017,community_channels,144,401.0,295.3
8,28,24,2017,stack_total,424,401.0,263.1
8,28,24,2018,cmf,227,429.1,368.9
8,28,24,2018,independent_funds,56,429.1,325.1
8,28,24,2018,community_channels,146,429.1,293.8
8,28,24,2018,stack_total,430,429.1,261.2
8,28,24,2019,cmf,231,457.2,368.4
8,28,24,2019,independent_funds,57,457.3,323.8
8,28,24,2019,community_channels,148,457.2,292.0
8,28,24,2019,stack_total,437,457.3,259.1
8,28,24,2020,cmf,235,485.4,367.7
8,28,24,2020,independent_funds,58,485.4,322.4
8,28,24,2020,community_channels,151,485.4,290.0
8,28,24,2020,stack_total,445,485.4,256.7
9,28,24,2010,specialty,1295,197.5,623.0
9,28,24,2010,cbc_src_conventional,733,197.5,577.4
9,28,24,2010,private_conventional,682,197.5,545.5
9,28,24,2010,pay_ppv_vod,111,197.5,527.7
9,28,24,2010,stack_total,2820,197.5,515.2
9,28,24,2011,specialty,1163,226.6,626.0
9,28,24,2011,cbc_src_conventional,710,226.6,583.8
9,28,24,2011,private_conventional,563,226.6,555.2
9,28,24,2011,pay_ppv_vod,100,226.6,540.2
9,28,24,2011,stack_total,2535,226.7,528.0
9,28,24,2012,specialty,1291,255.8,623.1
9,28,24,2012,cbc_src_conventional,734,255.7,577.5
9,28,24,2012,private_conventional,662,255.7,546.1
9,28,24,2012,pay_ppv_vod,98,255.7,529.0
9,28,24,2012,stack_total,2783,255.8,516.8
9,28,24,2013,specialty,1232,284.9,624.4
9,28,24,2013,cbc_src_conventional,701,284.9,580.9
9,28,24,2013,private_conventional,605,284.9,551.5
9,28,24,2013,pay_ppv_vod,92,284.9,535.8
9,28,24,2013,stack_total,2629,284.9,523.8
9,28,24,2014,specialty,1399,314.0,620.6
9,28,24,2014,cbc_src_conventional,790,314.0,571.4
9,28,24,2014,private_conventional,619,314.0,539.6
9,28,24,2014,pay_ppv_vod,91,314.0,523.7
9,28,24,2014,stack_total,2899,314.1,511.7
9,28,24,2015,specialty,1445,343.2,619.6
9,28,24,2015,cbc_src_conventional,750,343.2,570.2
9,28,24,2015,private_conventional,556,343.2,540.8
9,28,24,2015,pay_ppv_vod,89,343.1,526.3
9,28,24,2015,stack_total,2839,343.2,514.4
9,28,24,2016,specialty,1444,372.3,619.6
9,28,24,2016,cbc_src_conventional,680,372.3,571.9
9,28,24,2016,private_conventional,512,372.3,545.0
9,28,24,2016,pay_ppv_vod,85,372.3,531.5
9,28,24,2016,stack_total,2721,372.3,519.6
9,28,24,2017,specialty,1452,401.5,619.4
9,28,24,2017,cbc_src_conventional,675,401.5,571.6
9,28,24,2017,private_conventional,493,401.5,545.3
9,28,24,2017,pay_ppv_vod,82,401.4,532.3
9,28,24,2017,stack_total,2702,401.5,520.5
9,28,24,2018,specialty,1466,430.6,619.1
9,28,24,2018,cbc_src_conventional,670,430.6,571.1
9,28,24,2018,private_conventional,477,430.6,545.2
9,28,24,2018,pay_ppv_vod,77,430.6,532.7
9,28,24,2018,stack_total,2690,430.6,521.0
9,28,24,2019,specialty,1488,459.7,618.7
9,28,24,2019,cbc_src_conventional,669,459.7,570.1
9,28,24,2019,private_conventional,473,459.7,544.4
9,28,24,2019,pay_ppv_vod,72,459.7,532.1
9,28,24,2019,stack_total,2702,459.8,520.5
9,28,24,2020,specialty,1507,488.9,618.2
9,28,24,2020,cbc_src_conventional,668,488.9,569.2
9,28,24,2020,private_conventional,469,488.9,543.7
9,28,24,2020,pay_ppv_vod,66,488.8,531.6
9,28,24,2020,stack_total,2710,488.9,520.1
34,81,77,2010,lttv_level,8129,188.4,335.9
34,81,77,2011,lttv_level,8571,219.4,332.2
34,81,77,2012,lttv_level,8673,250.5,331.3
34,81,77,2013,lttv_level,8927,281.6,329.2
34,81,77,2014,lttv_level,9054,312.6,328.1
34,81,77,2015,lttv_level,9053,343.7,328.1
34,81,77,2016,lttv_level,9002,374.7,328.6
34,81,77,2016,unbundling,146,374.7,251.9
34,81,77,2017,lttv_level,8982,405.8,328.7
34,81,77,2017,unbundling,298,405.8,250.9
34,81,77,2018,lttv_level,8969,436.9,328.9
34,81,77,2018,unbundling,458,436.8,249.8
34,81,77,2019,lttv_level,9123,467.9,327.5
34,81,77,2019,unbundling,473,467.9,247.1
34,81,77,2020,lttv_level,9278,499.0,326.2
34,81,77,2020,unbundling,488,498.9,244.4
35,82,78,2010,lttv_level,3475,184.1,378.3
35,82,78,2011,lttv_level,3748,215.6,373.2
35,82,78,2012,lttv_level,3968,247.0,369.1
35,82,78,2013,lttv_level,4091,278.5,366.8
35,82,78,2014,lttv_level,4216,310.0,364.4
35,82,78,2015,lttv_level,4186,341.4,365.0
35,82,78,2016,lttv_level,4035,372.9,367.9
35,82,78,2016,unbundling,138,372.9,290.1
35,82,78,2017,lttv_level,3885,404.3,370.6
35,82,78,2017,unbundling,282,404.4,293.0
35,82,78,2018,lttv_level,3737,435.8,373.4
35,82,78,2018,unbundling,436,435.8,295.6
35,82,78,2019,lttv_level,3714,467.3,373.8
35,82,78,2019,unbundling,451,467.3,296.2
35,82,78,2020,lttv_level,3681,498.7,374.4
35,82,78,2020,unbundling,466,498.7,297.1
36,84,80,2010,lttv_level,3475,167.8,352.1
36,84,80,2011,lttv_level,3748,201.5,347.0
36,84,80,2012,lttv_level,3968,235.3,343.0
36,84,80,2013,lttv_level,4091,269.1,340.6
36,84,80,2014,lttv_level,4216,302.9,338.3
36,84,80,2015,lttv_level,4186,336.7,338.9
36,84,80,2016,lttv_level,4026,370.5,341.9
36,84,80,2016,unbundling,138,370.5,264.7
36,84,80,2016,preponderance_access,9,371.5,256.0
36,84,80,2017,lttv_level,3836,404.3,345.4
36,84,80,2017,unbundling,282,404.2,269.0
36,84,80,2017,preponderance_access,49,404.3,259.0
36,84,80,2018,lttv_level,3615,438.1,349.5
36,84,80,2018,unbundling,436,438.1,274.4
36,84,80,2018,preponderance_access,122,438.1,264.0
36,84,80,2019,lttv_level,3566,471.8,350.4
36,84,80,2019,unbundling,451,471.8,275.9
36,84,80,2019,preponderance_access,147,471.8,264.8
36,84,80,2020,lttv_level,3508,505.6,351.5
36,84,80,2020,unbundling,466,505.6,277.7
36,84,80,2020,preponderance_access,173,505.6,265.9
39,87,83,2010,lttv_level,3475,172.0,476.6
39,87,83,2011,lttv_level,3748,203.6,471.6
39,87,83,2012,lttv_level,3968,235.2,467.6
39,87,83,2013,lttv_level,4091,266.8,465.3
39,87,83,2014,lttv_level,4216,298.4,463.0
39,87,83,2015,lttv_level,4186,330.0,463.6
39,87,83,2016,lttv_level,3972,361.6,467.5
39,87,83,2016,unbundling,138,361.6,392.0
39,87,83,2016,preponderance_access,9,375.7,389.2
39,87,83,2016,exemption_order,53,378.5,377.5
39,87,83,2017,lttv_level,3734,393.2,471.8
39,87,83,2017,unbundling,282,393.2,398.1
39,87,83,2017,preponderance_access,49,393.2,392.0
39,87,83,2017,exemption_order,102,411.0,378.6
39,87,83,2018,lttv_level,3470,424.9,476.7
39,87,83,2018,unbundling,436,424.8,404.9
39,87,83,2018,preponderance_access,122,424.8,394.7
39,87,83,2018,exemption_order,145,424.8,389.8
39,87,83,2019,lttv_level,3380,456.4,478.4
39,87,83,2019,unbundling,451,456.4,407.9
39,87,83,2019,preponderance_access,147,456.4,397.0
39,87,83,2019,exemption_order,186,456.4,390.8
39,87,83,2020,lttv_level,3280,488.0,480.2
39,87,83,2020,unbundling,466,488.1,411.4
39,87,83,2020,preponderance_access,173,488.1,399.6
39,87,83,2020,exemption_order,229,488.1,392.2
40,88,84,2010,lttv_level,8129,177.4,362.8
40,88,84,2011,lttv_level,8571,208.5,359.0
40,88,84,2012,lttv_level,8673,239.6,358.2
40,88,84,2013,lttv_level,8927,270.6,356.0
40,88,84,2014,lttv_level,9054,301.7,355.0
40,88,84,2015,lttv_level,9053,332.7,355.0
40,88,84,2016,lttv_level,8948,363.8,355.9
40,88,84,2016,unbundling,146,363.8,278.7
40,88,84,2016,exemption_order,55,363.8,273.1
40,88,84,2017,lttv_level,8878,394.9,356.5
40,88,84,2017,unbundling,298,394.8,278.6
40,88,84,2017,exemption_order,104,394.8,271.3
40,88,84,2018,lttv_level,8821,425.9,356.9
40,88,84,2018,unbundling,458,425.9,278.2
40,88,84,2018,exemption_order,149,425.9,271.1
40,88,84,2019,lttv_level,8933,457.0,356.0
40,88,84,2019,unbundling,473,456.9,276.2
40,88,84,2019,exemption_order,191,456.9,270.5
40,88,84,2020,lttv_level,9044,488.0,355.0
40,88,84,2020,unbundling,488,488.0,274.1
40,88,84,2020,exemption_order,234,488.0,268.0
41,90,86,2010,lttv_level,3475,166.6,345.1
41,90,86,2011,lttv_level,3748,197.6,339.8
41,90,86,2012,lttv_level,3968,228.7,335.6
41,90,86,2013,lttv_level,4091,259.8,333.2
41,90,86,2014,lttv_level,4216,290.8,330.8
41,90,86,2015,lttv_level,4186,321.9,331.4
41,90,86,2016,lttv_level,3972,352.9,335.5
41,90,86,2017,lttv_level,3676,384.0,341.2
41,90,86,2017,unbundling,282,384.0,265.1
41,90,86,2017,preponderance_access,49,371.4,258.8
41,90,86,2017,exemption_order,102,383.0,255.9
41,90,86,2017,closures,57,384.0,249.9
41,90,86,2018,lttv_level,3364,415.1,347.2
41,90,86,2018,unbundling,436,415.1,274.2
41,90,86,2018,preponderance_access,122,415.1,263.5
41,90,86,2018,exemption_order,145,415.1,258.4
41,90,86,2018,closures,106,415.1,253.5
41,90,86,2019,lttv_level,3276,446.1,348.9
41,90,86,2019,unbundling,451,446.1,277.3
41,90,86,2019,preponderance_access,147,446.1,265.8
41,90,86,2019,exemption_order,186,446.1,259.4
41,90,86,2019,closures,104,446.1,253.8
41,90,86,2020,lttv_level,3177,477.2,350.8
41,90,86,2020,unbundling,466,477.2,280.8
41,90,86,2020,preponderance_access,173,477.2,268.5
41,90,86,2020,exemption_order,229,477.2,260.8
41,90,86,2020,closures,102,477.2,254.4
42,91,87,2010,lttv_level,8129,188.9,341.9
42,91,87,2011,lttv_level,8571,217.5,338.0
42,91,87,2012,lttv_level,8673,246.1,337.1
42,91,87,2013,lttv_level,8927,274.7,334.9
42,91,87,2014,lttv_level,9054,303.3,333.7
42,91,87,2015,lttv_level,9053,331.9,333.7
42,91,87,2016,lttv_level,8948,360.4,334.7
42,91,87,2017,lttv_level,8801,389.0,336.0
42,91,87,2017,unbundling,298,389.0,255.1
42,91,87,2017,exemption_order,104,389.0,251.5
42,91,87,2017,closures,77,390.9,238.2
42,91,87,2018,lttv_level,8680,417.6,337.1
42,91,87,2018,unbundling,458,417.6,255.8
42,91,87,2018,exemption_order,149,417.6,250.4
42,91,87,2018,closures,141,417.6,238.1
42,91,87,2019,lttv_level,8794,446.2,336.1
42,91,87,2019,unbundling,473,446.2,253.6
42,91,87,2019,exemption_order,191,446.2,247.7
42,91,87,2019,closures,139,446.2,237.0
42,91,87,2020,lttv_level,8908,474.7,335.0
42,91,87,2020,unbundling,488,474.7,251.5
42,91,87,2020,exemption_order,234,474.7,245.0
42,91,87,2020,closures,136,477.6,234.9
43,92,88,2010,lttv_level,3183,188.4,320.8
43,92,88,2011,lttv_level,2911,216.8,326.8
43,92,88,2012,lttv_level,3165,245.1,321.2
43,92,88,2013,lttv_level,3034,273.5,324.1
43,92,88,2014,lttv_level,3324,301.8,317.7
43,92,88,2015,lttv_level,3258,330.2,319.1
43,92,88,2016,lttv_level,3059,358.6,323.6
43,92,88,2016,programming_services_cpe,71,358.5,254.3
43,92,88,2016,bdu_contributions,10,359.5,248.6
43,92,88,2017,lttv_level,2921,386.9,326.6
43,92,88,2017,programming_services_cpe,180,386.9,258.0
43,92,88,2017,bdu_contributions,24,386.9,253.4
43,92,88,2018,lttv_level,2787,415.3,329.6
43,92,88,2018,programming_services_cpe,294,415.2,261.4
43,92,88,2018,bdu_contributions,40,415.2,254.0
43,92,88,2019,lttv_level,2773,443.6,329.9
43,92,88,2019,programming_services_cpe,322,443.6,261.4
43,92,88,2019,bdu_contributions,43,443.6,253.3
43,92,88,2020,lttv_level,2756,472.0,330.2
43,92,88,2020,programming_services_cpe,352,471.9,261.5
43,92,88,2020,bdu_contributions,47,471.9,252.7
20,62,58,2007,baseline_level,6308,161.0,343.9
20,62,58,2008,baseline_level,6920,186.4,334.3
20,62,58,2009,baseline_level,7441,211.8,326.3
20,62,58,2010,baseline_level,8129,237.2,315.1
20,62,58,2011,baseline_level,8571,262.6,307.8
20,62,58,2012,baseline_level,8673,288.0,307.9
20,62,58,2013,baseline_level,8927,313.4,303.1
20,62,58,2014,baseline_level,9054,338.8,298.3
20,62,58,2015,baseline_level,9053,363.3,301.1
20,62,58,2016,baseline_level,9148,389.6,297.5
20,62,58,2017,baseline_level,9280,415.1,296.5
20,62,58,2018,baseline_level,9427,440.5,292.4
20,62,58,2019,baseline_level,9596,465.9,293.0
20,62,58,2020,baseline_level,9766,491.3,290.7
17,58,54,2012,cable,7905,215.5,561.6
17,58,54,2012,iptv,1003,215.5,508.1
17,58,54,2012,dth,2826,215.5,485.2
17,58,54,2012,stack_total,11734,215.6,458.2
17,58,54,2013,cable,7688,246.5,562.9
17,58,54,2013,iptv,1382,246.5,508.4
17,58,54,2013,dth,2691,246.5,484.0
17,58,54,2013,stack_total,11761,246.5,457.9
17,58,54,2014,cable,7303,277.5,565.2
17,58,54,2014,iptv,1784,277.5,510.7
17,58,54,2014,dth,2559,277.5,484.6
17,58,54,2014,stack_total,11646,277.5,459.3
17,58,54,2015,cable,6960,308.4,567.3
17,58,54,2015,iptv,2141,308.4,512.6
17,58,54,2015,dth,2468,308.4,485.0
17,58,54,2015,stack_total,11569,308.5,460.2
17,58,54,2016,cable,6732,339.4,568.6
17,58,54,2016,iptv,2364,339.4,514.1
17,58,54,2016,dth,2390,339.4,485.5
17,58,54,2016,stack_total,11487,339.4,461.2
17,58,54,2017,cable,6541,370.4,569.8
17,58,54,2017,iptv,2545,370.4,515.3
17,58,54,2017,dth,2314,370.4,486.1
17,58,54,2017,stack_total,11400,370.4,462.2
17,58,54,2018,cable,6352,401.3,570.9
17,58,54,2018,iptv,2717,401.3,516.5
17,58,54,2018,dth,2238,401.3,486.7
17,58,54,2018,stack_total,11308,401.3,463.3
17,58,54,2019,cable,6196,432.3,571.9
17,58,54,2019,iptv,2850,432.3,517.6
17,58,54,2019,dth,2164,432.3,487.4
17,58,54,2019,stack_total,11211,432.3,464.5
17,58,54,2020,cable,6075,463.3,572.6
17,58,54,2020,iptv,2951,463.3,518.4
17,58,54,2020,dth,2090,463.3,488.2
17,58,54,2020,stack_total,11116,463.3,465.6
19,61,57,2007,arpu,49.36,170.4,565.5
19,61,57,2008,arpu,53.09,194.2,560.5
19,61,57,2009,arpu,55.95,218.0,554.7
19,61,57,2010,arpu,59.63,240.0,545.8
19,61,57,2011,arpu,61.39,264.7,542.6
19,61,57,2012,arpu,61.56,289.3,542.5
19,61,57,2013,arpu,63.33,313.1,539.2
19,61,57,2014,arpu,64.41,336.9,535.9
19,61,57,2015,arpu,64.94,360.7,534.6
19,61,57,2016,arpu,66.13,384.5,535.1
19,61,57,2017,arpu,67.58,408.2,532.1
19,61,57,2018,arpu,69.19,432.1,530.7
19,61,57,2019,arpu,71.02,454.9,527.4
19,61,57,2020,arpu,72.9,479.6,522.5
