fact,year,value,source
table1_employment_direct,2015,0.0,"Table 1, p. 12"
table1_employment_direct,2016,1480.0,"Table 1, p. 12"
table1_employment_direct,2017,3640.0,"Table 1, p. 12"
table1_employment_direct,2018,5820.0,"Table 1, p. 12"
table1_employment_direct,2019,6320.0,"Table 1, p. 12"
table1_employment_direct,2020,6830.0,"Table 1, p. 12"
table1_employment_spin-off,2015,0.0,"Table 1, p. 12"
table1_employment_spin-off,2016,1750.0,"Table 1, p. 12"
table1_employment_spin-off,2017,4340.0,"Table 1, p. 12"
table1_employment_spin-off,2018,7000.0,"Table 1, p. 12"
table1_employment_spin-off,2019,7640.0,"Table 1, p. 12"
table1_employment_spin-off,2020,8300.0,"Table 1, p. 12"
table1_employment_total,2015,0.0,"Table 1, p. 12"
table1_employment_total,2016,3230.0,"Table 1, p. 12"
table1_employment_total,2017,7980.0,"Table 1, p. 12"
table1_employment_total,2018,12820.0,"Table 1, p. 12"
table1_employment_total,2019,13960.0,"Table 1, p. 12"
table1_employment_total,2020,15130.0,"Table 1, p. 12"
table1_gdp_direct,2015,0.0,"Table 1, p. 12"
table1_gdp_direct,2016,175.6,"Table 1, p. 12"
table1_gdp_direct,2017,430.4,"Table 1, p. 12"
table1_gdp_direct,2018,685.1,"Table 1, p. 12"
table1_gdp_direct,2019,742.9,"Table 1, p. 12"
table1_gdp_direct,2020,802.5,"Table 1, p. 12"
table1_gdp_spin-off,2015,0.0,"Table 1, p. 12"
table1_gdp_spin-off,2016,129.0,"Table 1, p. 12"
table1_gdp_spin-off,2017,320.5,"Table 1, p. 12"
table1_gdp_spin-off,2018,514.9,"Table 1, p. 12"
table1_gdp_spin-off,2019,561.0,"Table 1, p. 12"
table1_gdp_spin-off,2020,608.6,"Table 1, p. 12"
table1_gdp_total,2015,0.0,"Table 1, p. 12"
table1_gdp_total,2016,304.5,"Table 1, p. 12"
table1_gdp_total,2017,750.9,"Table 1, p. 12"
table1_gdp_total,2018,1200.0,"Table 1, p. 12"
table1_gdp_total,2019,1303.9,"Table 1, p. 12"
table1_gdp_total,2020,1411.1,"Table 1, p. 12"
table18_byop_share_pct,2015,0.0,"Table 18, p. 76"
table18_byop_share_pct,2016,5.0,"Table 18, p. 76"
table18_byop_share_pct,2017,10.0,"Table 18, p. 76"
table18_byop_share_pct,2018,15.0,"Table 18, p. 76"
table18_byop_share_pct,2019,15.0,"Table 18, p. 76"
table18_byop_share_pct,2020,15.0,"Table 18, p. 76"
cpe_share_stated_pct,2020,18.0,"para. 239, p. 87"
sector_fte_bdus,2015,0.0,"Tables 22-23, pp. 91-92"
sector_fte_bdus,2016,1180.0,"Tables 22-23, pp. 91-92"
sector_fte_bdus,2017,2790.0,"Tables 22-23, pp. 91-92"
sector_fte_bdus,2018,4370.0,"Tables 22-23, pp. 91-92"
sector_fte_bdus,2019,4690.0,"Tables 22-23, pp. 91-92"
sector_fte_bdus,2020,5010.0,"Tables 22-23, pp. 91-92"
sector_fte_specialty_and_pay_tv_services,2015,0.0,"Tables 22-23, pp. 91-92"
sector_fte_specialty_and_pay_tv_services,2016,600.0,"Tables 22-23, pp. 91-92"
sector_fte_specialty_and_pay_tv_services,2017,1450.0,"Tables 22-23, pp. 91-92"
sector_fte_specialty_and_pay_tv_services,2018,2400.0,"Tables 22-23, pp. 91-92"
sector_fte_specialty_and_pay_tv_services,2019,2640.0,"Tables 22-23, pp. 91-92"
sector_fte_specialty_and_pay_tv_services,2020,2880.0,"Tables 22-23, pp. 91-92"
sector_fte_private_conventional_tv,2015,0.0,"Tables 22-23, pp. 91-92"
sector_fte_private_conventional_tv,2016,0.0,"Tables 22-23, pp. 91-92"
sector_fte_private_conventional_tv,2017,70.0,"Tables 22-23, pp. 91-92"
sector_fte_private_conventional_tv,2018,70.0,"Tables 22-23, pp. 91-92"
sector_fte_private_conventional_tv,2019,70.0,"Tables 22-23, pp. 91-92"
sector_fte_private_conventional_tv,2020,70.0,"Tables 22-23, pp. 91-92"
sector_fte_total_broadcasting_sector,2015,0.0,"Tables 22-23, pp. 91-92"
sector_fte_total_broadcasting_sector,2016,1780.0,"Tables 22-23, pp. 91-92"
sector_fte_total_broadcasting_sector,2017,4300.0,"Tables 22-23, pp. 91-92"
sector_fte_total_broadcasting_sector,2018,6830.0,"Tables 22-23, pp. 91-92"
sector_fte_total_broadcasting_sector,2019,7390.0,"Tables 22-23, pp. 91-92"
sector_fte_total_broadcasting_sector,2020,7950.0,"Tables 22-23, pp. 91-92"
sector_fte_independent_production,2015,0.0,"Tables 22-23, pp. 91-92"
sector_fte_independent_production,2016,1450.0,"Tables 22-23, pp. 91-92"
sector_fte_independent_production,2017,3680.0,"Tables 22-23, pp. 91-92"
sector_fte_independent_production,2018,5990.0,"Tables 22-23, pp. 91-92"
sector_fte_independent_production,2019,6570.0,"Tables 22-23, pp. 91-92"
sector_fte_independent_production,2020,7180.0,"Tables 22-23, pp. 91-92"
