quantity,year,lttv_level,baseline_level,impact_total,impact_share_of_baseline,unbundling,preponderance_access,exemption_order,closures,programming_services_cpe,bdu_contributions,components_missing,component_sources
specialty_pay_revenue,2010,3475,3475,0,0.0,,,,,,,,
specialty_pay_revenue,2011,3748,3748,0,0.0,,,,,,,,
specialty_pay_revenue,2012,3968,3968,0,0.0,,,,,,,,
specialty_pay_revenue,2013,4091,4091,0,0.0,,,,,,,,
specialty_pay_revenue,2014,4216,4216,0,0.0,,,,,,,,
specialty_pay_revenue,2015,4186,4186,0,0.0,,,,,,,,
specialty_pay_revenue,2016,3972,4172,200,0.0479,138,9,53,0,,,,unbundling:35;preponderance_access:36;exemption_order:39;closures:0 from fig 39 level = fig 41 level
specialty_pay_revenue,2017,3676,4166,490,0.1176,282,49,102,57,,,,unbundling:41;preponderance_access:41;exemption_order:41;closures:41
specialty_pay_revenue,2018,3364,4173,809,0.1939,436,122,145,106,,,,unbundling:41;preponderance_access:41;exemption_order:41;closures:41
specialty_pay_revenue,2019,3276,4164,888,0.2133,451,147,186,104,,,,unbundling:41;preponderance_access:41;exemption_order:41;closures:41
specialty_pay_revenue,2020,3177,4147,970,0.2339,466,173,229,102,,,,unbundling:41;preponderance_access:41;exemption_order:41;closures:41
bdu_revenue,2010,8129,8129,0,0.0,,,,,,,,
bdu_revenue,2011,8571,8571,0,0.0,,,,,,,,
bdu_revenue,2012,8673,8673,0,0.0,,,,,,,,
bdu_revenue,2013,8927,8927,0,0.0,,,,,,,,
bdu_revenue,2014,9054,9054,0,0.0,,,,,,,,
bdu_revenue,2015,9053,9053,0,0.0,,,,,,,,
bdu_revenue,2016,8948,9149,201,0.022,146,,55,0,,,,unbundling:34;exemption_order:40;closures:0 from fig 40 level = fig 42 level
bdu_revenue,2017,8801,9280,479,0.0516,298,,104,77,,,,unbundling:42;exemption_order:42;closures:42
bdu_revenue,2018,8680,9428,748,0.0793,458,,149,141,,,,unbundling:42;exemption_order:42;closures:42
bdu_revenue,2019,8794,9597,803,0.0837,473,,191,139,,,,unbundling:42;exemption_order:42;closures:42
bdu_revenue,2020,8908,9766,858,0.0879,488,,234,136,,,,unbundling:42;exemption_order:42;closures:42
cpe,2010,3183,3183,0,0.0,,,,,,,,43
cpe,2011,2911,2911,0,0.0,,,,,,,,43
cpe,2012,3165,3165,0,0.0,,,,,,,,43
cpe,2013,3034,3034,0,0.0,,,,,,,,43
cpe,2014,3324,3324,0,0.0,,,,,,,,43
cpe,2015,3258,3258,0,0.0,,,,,,,,43
cpe,2016,3059,3140,81,0.0258,,,,,71,10,,43
cpe,2017,2921,3125,204,0.0653,,,,,180,24,,43
cpe,2018,2787,3121,334,0.107,,,,,294,40,,43
cpe,2019,2773,3138,365,0.1163,,,,,322,43,,43
cpe,2020,2756,3155,399,0.1265,,,,,352,47,,43
