quantity,uptake_label,uptake,k_predicted,k_predicted_full,k_observed,ci_lo,ci_hi,inside_interval
specialty_pay_revenue,"CRTC count, 30 June 2016",0.016,0.33,0.334643,0.12,-0.23,0.46,True
specialty_pay_revenue,Morrison's estimate (April 2016),0.04,0.4,0.396412,0.12,-0.23,0.46,True
specialty_pay_revenue,low end of cited range,0.1,0.56,0.559734,0.12,-0.23,0.46,False
specialty_pay_revenue,report's assumption,0.15,1.0,1.0,0.12,-0.23,0.46,False
specialty_pay_revenue,rising from 2016 count to Morrison's estimate,0.04,0.43,0.43297,0.12,-0.23,0.46,True
specialty_pay_revenue,rising from 2016 count to low end of cited range,0.1,0.69,0.687787,0.12,-0.23,0.46,False
specialty_pay_revenue,"survey path: 2016 count, then 10% from 2017",0.1,0.76,0.764168,0.12,-0.23,0.46,False
bdu_revenue,"CRTC count, 30 June 2016",0.016,0.43,0.434936,1.3,0.49,2.11,False
bdu_revenue,Morrison's estimate (April 2016),0.04,0.48,0.481065,1.3,0.49,2.11,False
bdu_revenue,low end of cited range,0.1,0.6,0.598165,1.3,0.49,2.11,True
bdu_revenue,report's assumption,0.15,1.0,1.0,1.3,0.49,2.11,True
bdu_revenue,rising from 2016 count to Morrison's estimate,0.04,0.52,0.519024,1.3,0.49,2.11,True
bdu_revenue,rising from 2016 count to low end of cited range,0.1,0.73,0.731471,1.3,0.49,2.11,True
bdu_revenue,"survey path: 2016 count, then 10% from 2017",0.1,0.86,0.856084,1.3,0.49,2.11,True
